request_id,amount_safe_to_pay,affordability_status,recommended_payment_method,payment_plan,earliest_date_for_full_payment,spending_changes_needed,decision_explanation
request_26,15656000.0,affordable,full_payment,full_payment,2025-08-03,none,"The requested family transfer of IDR 15,656,000 is fully affordable using available safe funds without violating the minimum balance requirement."
request_27,6670.0,affordable,full_payment,full_payment,2026-07-05,none,"The laptop purchase of ZAR 6,670 is fully affordable as the base safe amount of ZAR 30,505.59 exceeds the requested amount."
request_28,412.2,partially_affordable,none,none,,none,"The current safe amount is EUR 412.20, which is insufficient for the full investment of EUR 1,302.40. Since partial payment is not allowed, no immediate full payment is recommended."
request_29,26886.93,partially_affordable,none,none,,none,"The requested investment of ZAR 51,524 exceeds the base safe amount of ZAR 26,886.93. Available installment options exceed the user's maximum duration limit of 5 months, and partial payment is not allowed."
request_30,775.2,affordable,installments,payment_option_83,2026-04-06,none,"The user has sufficient safe funds to cover the debt repayment. Following the user's preference for installments, the 3-month installment plan (Option 83) is recommended as it falls within the 4-month limit."
request_31,11124836.01,partially_affordable,none,none,,none,"The laptop price of IDR 18,164,000 exceeds the base safe amount of IDR 11,124,836.01. Available installment options exceed the user's maximum duration limit of 6 months, and partial payment is not allowed."
request_32,0.0,unaffordable,none,none,,none,"The 90-day minimum projected balance is negative, leaving a safe amount of ZAR 0. Making the trip payment of ZAR 40,018 would jeopardize essential expenses and minimum balance requirements."
request_33,51782.22,partially_affordable,none,none,,none,"The deposit amount of INR 118,000 exceeds the base safe amount of INR 51,782.22. Partial payment is not allowed and installments are not considered by the user profile."
request_34,129400.0,affordable,full_payment,full_payment,2024-12-04,none,"The travel booking cost of INR 129,400 is fully affordable as the base safe amount of INR 206,900.72 is more than sufficient."
request_35,56578.66,partially_affordable,none,none,,none,"The requested trip cost of INR 212,000 exceeds the base safe amount of INR 56,578.66. Partial payment is not allowed and the user only considers full payment."
request_36,657.97,partially_affordable,none,none,,none,"The course fee of USD 3,954 exceeds the base safe amount of USD 657.97. Partial payment is not allowed and the user only considers full payment."
request_37,6828914.15,affordable,full_payment,full_payment,2024-03-15,none,"While current safe funds are IDR 6,828,914.15, confirmed incoming salary and arrears adjustment on 15 March 2024 will provide sufficient funds to complete the full transfer of IDR 14,649,000 well before the target date of 15 May 2024."
request_38,283.82,partially_affordable,none,none,,none,The repair expense of EUR 971.30 exceeds the base safe amount of EUR 283.82. Partial payment is not allowed and the user only considers full payment.
request_39,160378.32,partially_affordable,none,none,,none,"The rental deposit of INR 208,600 exceeds the base safe amount of INR 160,378.32. Partial payment is not allowed for this request."
request_40,0.0,unaffordable,none,none,,none,"The 90-day projected minimum balance is negative, resulting in a safe amount of EUR 0. Paying EUR 1,290.30 immediately would risk essential commitments."
request_41,16815613.67,partially_affordable,none,none,,none,"The repair bill of IDR 38,760,000 exceeds the base safe amount of IDR 16,815,613.67. Partial payment is not permitted for this request."
request_42,52100.0,affordable,full_payment,full_payment,2026-01-05,none,"The urgent repair cost of INR 52,100 is fully affordable as the base safe amount of INR 126,802.84 is sufficient to cover it."
request_43,12739500.0,affordable,full_payment,full_payment,2024-09-15,none,"Current safe funds are IDR 12,739,500, but confirmed new employer salary of IDR 32,870,000 arriving on 15 September 2024 will enable full payment of IDR 43,339,000 before the completion deadline of 15 November 2024."
request_44,0.0,unaffordable,none,none,,none,"The 90-day projected minimum balance is negative, leaving a base safe amount of INR 0. Paying the course fee of INR 95,800 today is not safe."
request_45,6423770.75,partially_affordable,none,none,,none,"The laptop cost of IDR 21,983,000 exceeds the base safe amount of IDR 6,423,770.75. Available installment options exceed the user's maximum allowed period of 4 months, and partial payment is not allowed."
request_46,48719.25,partially_affordable,partial_payment,partial_payment,,none,"The requested debt repayment of INR 49,450 slightly exceeds the base safe amount of INR 48,719.25. Since partial payment is allowed, a partial payment up to INR 48,719.25 is recommended today."
request_47,30460302.24,partially_affordable,none,none,,none,"The repair quote of IDR 38,114,000 exceeds the base safe amount of IDR 30,460,302.24. Available installment options exceed the user's max limit of 10 months, and partial payment is disallowed."
request_48,45700.0,affordable,full_payment,full_payment,2026-07-25,none,"The requested family transfer of INR 45,700 is fully affordable as the base safe amount of INR 68,775.04 is sufficient."
request_49,12887654.29,affordable_with_installments,installments,payment_option_133,,none,"The full travel cost of IDR 34,333,000 exceeds immediate safe funds of IDR 12,887,654.29. However, the 3-installment plan (Option 133) requires a first payment of IDR 11,902,106.67, which is within the safe amount and respects the 6-month limit."
request_50,43900.0,affordable,full_payment,full_payment,2025-08-06,none,"The trip cost of INR 43,900 is fully affordable since the base safe amount of INR 112,777.77 comfortably covers the expenditure."
request_51,2191000.0,affordable,full_payment,full_payment,2026-01-03,none,"The investment amount of IDR 2,191,000 is fully affordable as the base safe amount of IDR 14,164,519.05 easily covers it."
request_52,26530.0,affordable,full_payment,full_payment,2024-06-15,none,"Current safe funds of INR 26,530 are slightly below the repair estimate of INR 28,870. However, confirmed new salary of INR 69,000 arriving on 15 June 2024 will allow full payment prior to the completion date of 9 July 2024."
request_53,1699.2,affordable_with_installments,installments,payment_option_145,,none,Full payment exceeds the base safe amount of USD 883.42. Utilizing Option 145 (3 installments of USD 589.06) is affordable and fits within the user's 12-month installment preference.
request_54,7953.9,partially_affordable,none,none,,none,"The housing deposit of ZAR 121,528 exceeds the base safe amount of ZAR 7,953.90. Available installment options exceed the user's maximum duration limit of 11 months, and partial payment is disallowed."
request_55,162498.19,affordable_with_installments,installments,payment_option_151,,none,"The transfer amount of INR 218,600 exceeds immediate safe funds of INR 162,498.19. The 3-installment plan (Option 151) requires a first payment of INR 75,781.33, which is affordable and within the 11-month installment limit."
request_56,777.1,affordable,installments,payment_option_155,2025-03-13,none,"The user can afford the purchase using installment payment option 155, which requires payments of 458.42 USD starting today, well within the safe amount of 777.10 USD."
request_57,17942.85,unaffordable,none,none,2026-06-15,shopping|streaming|cloud_storage,"The full course fee of 61,446 ZAR exceeds the safe amount of 17,942.85 ZAR, and partial payments are not permitted for this request."
request_58,24765740.58,affordable,full_payment,payment_option_159,2024-12-07,none,"The requested extra debt payment of 16,226,000 IDR is fully covered by the safe amount of 24,765,740.58 IDR."
request_59,335353.89,affordable,installments,payment_option_163,2025-07-02,none,"The user considers installments up to 7 months, so installment option 163 (3 monthly payments of 48,741.33 INR) is affordable within the safe amount of 335,353.89 INR."
request_60,238.45,affordable,full_payment,payment_option_166,2026-01-06,none,The requested rental deposit of 199.89 USD is within the safe balance amount of 238.45 USD.
request_61,46345.86,affordable,installments,payment_option_169,2024-05-24,none,"The user prefers installments up to 10 months. Installment option 169 (3 payments of 10,074.83 ZAR) fits within the safe limit of 46,345.86 ZAR."
request_62,3621.81,affordable,full_payment,payment_option_172,2025-08-05,none,"The requested loan repayment of 404.23 USD is well within the safe balance limit of 3,621.81 USD."
request_63,62332.39,partially_affordable,partial_payment,partial_payment_up_to_safe_amount,2026-09-17,shopping|streaming,"The laptop price of 343,900 INR exceeds the safe amount of 62,332.39 INR. Because partial payment is allowed, the user can safely pay up to 62,332.39 INR now."
request_64,54181.12,affordable,installments,payment_option_177,2024-08-16,none,"Full payment exceeds the safe limit, but installment option 177 (3 payments of 22,082.67 INR) is affordable and fits user parameters."
request_65,9098.58,partially_affordable,partial_payment,partial_payment_up_to_safe_amount,2025-11-25,dining|entertainment,"The full fee of 54,340 ZAR exceeds the safe amount of 9,098.58 ZAR. Since partial payment is permitted, up to 9,098.58 ZAR can be paid today."
request_66,214800.98,affordable,full_payment,payment_option_182,2026-04-03,none,"The emergency repair cost of 22,200 INR is fully covered by the safe amount of 214,800.98 INR."
request_67,534.4,unaffordable,none,none,2024-11-15,dining|gym|entertainment,"The full repair cost of 2,094 USD exceeds the safe amount of 534.40 USD. Available installment options exceed the user's maximum term limit of 4 months."
request_68,1508.76,affordable,installments,payment_option_187,2025-04-16,none,"The requested full amount of 2,091.60 USD exceeds the immediate safe limit of 1,508.76 USD, but installment option 187 (3 payments of 725.09 USD) is affordable and fits the user's preference."
request_69,663.46,affordable,full_payment,payment_option_190,2026-01-04,none,The investment amount of 529.10 EUR is fully covered by the safe balance of 663.46 EUR.
request_70,59952.21,unaffordable,none,none,2025-02-15,dining|music_subscription,"The annual membership fee of 243,900 INR exceeds the safe amount of 59,952.21 INR, and available installment options exceed the user's 12-month limit."
request_71,2172849.03,unaffordable,none,none,2025-05-28,streaming|cloud_storage,"The deposit of 21,451,000 IDR exceeds the safe amount of 2,172,849.03 IDR and partial payments are not permitted."
request_72,0.0,unaffordable,none,none,2026-07-14,dining|music_subscription,"The user's 90-day projected minimum balance is negative, making the safe payment amount 0 ZAR. The family transfer cannot be made."
request_73,111440.77,affordable,full_payment,payment_option_202,2023-01-20,none,"The emergency repair estimate of 71,400 INR is within the safe limit of 111,440.77 INR."
request_74,21836.64,affordable,full_payment,payment_option_205,2025-08-04,none,"The extra loan repayment of 5,010 ZAR is safely affordable against the safe balance limit of 21,836.64 ZAR."
request_75,102140.89,affordable,installments,payment_option_208,2026-06-12,none,"The user considers installments up to 3 months. Option 208 (3 payments of 9,800.27 ZAR) is affordable within the safe limit of 102,140.89 ZAR."
request_76,1117.02,unaffordable,none,none,2024-07-30,gym|music_subscription|delivery_membership,"The requested amount of 4,455.60 USD exceeds the safe limit of 1,117.02 USD, and partial payment is not allowed for this request."
request_77,74763.92,affordable,full_payment,payment_option_214,2025-11-05,none,"The rental deposit of 60,700 INR is covered by the safe balance limit of 74,763.92 INR."
request_78,59650.25,affordable,full_payment,payment_option_217,2025-10-02,none,"The purchase price of 50,200 INR is less than the safe amount of 59,650.25 INR."
request_79,856.13,partially_affordable,partial_payment,partial_payment_up_to_safe_amount,2024-11-01,streaming|cloud_storage,"The laptop price of 2,151.60 EUR exceeds the safe limit of 856.13 EUR, but partial payment is allowed so the user can pay up to 856.13 EUR."
request_80,125925.8,unaffordable,none,none,2025-02-21,dining|music_subscription|delivery_membership,"The full payment of 217,500 INR exceeds the safe limit of 125,925.80 INR, and available installment options exceed the user's maximum term limit of 3 months."
request_81,2626.36,affordable,full_payment,payment_option_226,2026-07-03,none,"The travel expense of 2,076 USD is within the safe limit of 2,626.36 USD."
request_82,581.05,unaffordable,none,none,2025-02-15,none,"The family transfer of 1,405.20 USD exceeds the safe amount of 581.05 USD. Installment options exceed the user's 8-month limit."
request_83,0.0,unaffordable,none,none,2025-06-17,dining|entertainment|cloud_storage,The safe balance is 0 INR due to a negative projected balance over 90 days. The transfer cannot be afforded.
request_84,45367.2,unaffordable,none,none,2026-06-15,dining|shopping|streaming|cloud_storage,"The course fee of 95,400 INR exceeds the safe limit of 45,367.20 INR, and partial payment is not permitted for this request."
request_85,1270712.29,unaffordable,none,none,2024-04-26,dining|entertainment|gym|music_subscription|delivery_membership,"The deposit of 19,304,000 IDR exceeds the safe amount of 1,270,712.29 IDR, and installment options exceed the user's 2-month limit."
request_86,46300.0,affordable,full_payment,"Pay INR 46,300 upfront on 2025-08-03.",2025-08-03,none,"The full payment of INR 46,300 is well within your safe spending margin of INR 97,658.86."
request_87,0.0,unaffordable,none,none,unknown,reduce or eliminate non-essential spending,"The annual membership fee of INR 487,900 is unaffordable as your projected 90-day minimum balance is negative (-INR 104,986.32)."
request_88,26092.0,affordable,installments,"Pay ZAR 9,045.23 monthly in 3 installments starting on 2024-06-14.",2024-08-15,none,"Paying the deposit via 3 monthly installments of ZAR 9,045.23 is affordable as the first installment fits within your base safe amount of ZAR 11,959.79."
request_89,13756000.0,affordable,installments,"Pay IDR 4,768,746.67 every 28 days for 3 installments starting on 2025-11-18.",2026-01-13,none,"The 3-installment plan of IDR 4,768,746.67 fits your preferred payment methods and max installment limit, with the initial payment well within your base safe amount of IDR 10,945,379.21."
request_90,2560.0,affordable,full_payment,"Pay ZAR 2,560 upfront on 2026-07-06.",2026-07-06,none,"The full loan repayment of ZAR 2,560 is well within your safe spending margin of ZAR 22,259.78."
request_91,1590.07,unaffordable,none,none,unknown,reduce or eliminate non-essential spending,"The requested repair cost of EUR 1,927.20 exceeds your base safe spending margin of EUR 1,590.07, and partial payments are not permitted."
request_92,34034.0,affordable,full_payment,"Pay ZAR 34,034 upfront on 2025-02-05.",2025-02-05,none,"The course fee of ZAR 34,034 is fully affordable upfront against your safe spending limit of ZAR 43,193.51."
request_93,1729.2,affordable,full_payment,"Pay USD 1,729.20 upfront on 2026-04-07.",2026-04-07,none,"Paying USD 1,729.20 upfront leaves you above your required minimum balance and is within your base safe amount of USD 1,919.67."
request_94,572.0,affordable,full_payment,Pay EUR 572 upfront on 2024-12-04.,2024-12-04,none,The rental deposit of EUR 572 is fully affordable upfront as it is within your base safe amount of EUR 825.59.
request_95,59625.17,unaffordable,none,none,unknown,reduce or eliminate non-essential spending,"The requested course fee of INR 553,000 exceeds your safe amount of INR 59,625.17 and partial payments are not permitted by the request."
request_96,90200.0,affordable,installments,"Pay INR 31,269.33 monthly in 3 installments starting on 2026-01-10.",2026-03-11,none,"The 3-installment plan of INR 31,269.33 per month fits your max installment preference of 3 months and the first payment is within your safe amount of INR 71,093.95."
request_97,2929.44,unaffordable,none,none,unknown,reduce or eliminate non-essential spending,"The deposit of ZAR 23,496 is unaffordable as your base safe spending amount is ZAR 2,929.44 and eligible installment options exceed this initial amount."
request_98,12486.98,unaffordable,none,none,unknown,reduce or eliminate non-essential spending,"The trip cost of ZAR 27,148 exceeds your safe spending margin of ZAR 12,486.98, and you only consider full payment."
request_99,18062.0,affordable,full_payment,"Pay ZAR 18,062 upfront on 2026-07-04.",2026-07-04,none,"The full repair cost of ZAR 18,062 is within your base safe spending margin of ZAR 22,705.86."
request_100,37114.0,affordable,installments,"Pay ZAR 12,866.19 monthly in 3 installments starting on 2024-06-13.",2024-08-14,none,"The 3-installment plan of ZAR 12,866.19 per month fits within your max installment period of 9 months, and the first payment is well under your base safe amount of ZAR 30,643.57."
request_101,143500.0,affordable,full_payment,"Pay INR 143,500 upfront on 2025-11-03.",2025-11-03,none,"The investment amount of INR 143,500 is fully affordable upfront within your safe spending limit of INR 212,192.84."
request_102,1716.0,affordable,installments,Pay EUR 594.88 monthly in 3 installments starting on 2026-04-05.,2026-06-04,none,"The 3-installment option of EUR 594.88 per month is affordable and complies with your payment preferences, with the first installment within your safe amount of EUR 2,175.70."
request_103,38114.0,unaffordable,none,none,unknown,reduce or eliminate non-essential spending,"The trip cost of INR 368,300 exceeds your base safe amount of INR 38,114 and there are no valid installment options within your 6-month limit."
request_104,17204.0,affordable,full_payment,"Pay ZAR 17,204 upfront on 2025-02-04.",2025-02-04,none,"The full laptop cost of ZAR 17,204 is within your base safe spending margin of ZAR 28,491.39."
request_105,53500.0,affordable,full_payment,"Pay INR 53,500 upfront on 2026-06-08.",2026-06-08,none,"The extra loan payment of INR 53,500 is within your safe spending margin of INR 66,347.83."
request_106,539.84,unaffordable,none,none,unknown,reduce or eliminate non-essential spending,"The course fee of EUR 2,207.70 exceeds your safe spending margin of EUR 539.84, and you only consider full payment."
request_107,0.0,unaffordable,none,none,unknown,reduce or eliminate non-essential spending,"Your base safe amount is EUR 0.00, making the deposit of EUR 2,534.40 unaffordable without spending adjustments."
request_108,4947.66,unaffordable,none,none,unknown,reduce or eliminate non-essential spending,"The requested course fee of ZAR 55,308 exceeds your base safe spending margin of ZAR 4,947.66."
request_109,1863.4,affordable,installments,Pay EUR 645.98 monthly in 3 installments starting on 2024-03-18.,2024-05-19,none,"The 3-installment plan of EUR 645.98 per month fits your 5-month max installment limit, and the first payment is within your safe amount of EUR 913.37."
request_110,22352.0,affordable,installments,"Pay ZAR 7,748.69 every 28 days for 3 installments starting on 2025-08-06.",2025-10-01,none,"Paying ZAR 7,748.69 in 3 installments fits your max installment limit of 4 months and the initial payment is within your safe amount of ZAR 25,226.34."
request_111,16625000.0,affordable,full_payment,"Pay IDR 16,625,000 upfront on 2026-04-03.",2026-04-03,none,"The full extra loan repayment of IDR 16,625,000 is well within your safe spending limit of IDR 59,038,575.30."
request_112,0.0,unaffordable,none,none,unknown,reduce or eliminate non-essential spending,"Your base safe amount is EUR 0.00, so the requested transfer of EUR 271.70 is unaffordable."
request_113,36500.0,affordable,full_payment,"Pay INR 36,500 upfront on 2026-09-04.",2026-09-04,none,"The extra loan repayment of INR 36,500 is within your base safe spending margin of INR 37,369.65."
request_114,65300.0,affordable,full_payment,"Pay INR 65,300 upfront on 2026-01-04.",2026-01-04,none,"The full membership fee of INR 65,300 is fully affordable upfront against your safe spending limit of INR 76,981.54."
request_115,16371.71,unaffordable,none,none,unknown,reduce or eliminate non-essential spending,"The requested fee of INR 80,500 exceeds your safe spending margin of INR 16,371.71, and you only consider full payment."
request_116,27680.16,unaffordable,delay_payment,Delay payment until sufficient balance is built up.,N/A,None,"The requested amount of INR 241,200 exceeds the safe balance limit of INR 27,680.16. Available installment options exceed the user's maximum constraint of 12 months, and partial payments are not permitted."
request_117,880.0,affordable,full_payment,Pay EUR 880 in full on 2026-07-05 (payment_option_331).,2026-07-05,None,The requested deposit of EUR 880 is within the safe available balance limit of EUR 929.24. Full payment can be completed immediately without risking essential commitments.
request_118,718.12,affordable,installments,Pay 3 monthly installments of EUR 255.87 starting 2024-12-07 (payment_option_334).,2024-12-07,None,"The user prefers installments or partial payment. The 3-month installment plan (payment_option_334) requires EUR 255.87 initially, which is well within the base safe amount of EUR 718.12, and respects the 9-month maximum duration constraint."
request_119,0.0,unaffordable,delay_payment,Delay payment until cash reserves improve.,N/A,None,"The projected 90-day minimum balance is negative (-INR 5,772.34), resulting in a safe payment amount of INR 0. The request is unaffordable at this time."
request_120,7714000.0,affordable,full_payment,"Pay IDR 7,714,000 in full on 2026-04-06 (payment_option_340).",2026-04-06,None,"The investment amount of IDR 7,714,000 is fully covered by the safe available amount of IDR 10,224,100.81."
request_121,633.6,affordable,full_payment,Pay USD 633.60 in full on 2024-03-03 (payment_option_344).,2024-03-03,None,The extra loan payment of USD 633.60 is less than the safe spending limit of USD 852.20 and aligns with user payment preferences.
request_122,20558000.0,affordable,installments,"Pay 3 installments of IDR 7,126,773.33 starting 2025-08-05 (payment_option_347).",2025-08-05,None,"The user considers only installments. Option 347 (3 installments of IDR 7,126,773.33) is well within the user's max duration limit of 12 months and safe spending balance of IDR 43,427,956.58."
request_123,4076000.0,affordable,full_payment,"Pay IDR 4,076,000 in full on 2026-01-07 (payment_option_350).",2026-01-07,None,"The requested investment amount of IDR 4,076,000 is safely below the maximum safe limit of IDR 14,735,704.79."
request_124,1708.56,affordable,installments,"Pay 3 installments of EUR 1,076.12 starting 2024-06-11 (payment_option_352).",N/A,None,"The total fee exceeds immediate safe funds, but the 3-month installment plan (payment_option_352) has an initial cost of EUR 1,076.12, which is fully affordable within the safe limit of EUR 1,708.56 and satisfies the 12-month constraint."
request_125,6468.0,affordable,full_payment,"Pay ZAR 6,468 in full on 2025-11-06 (payment_option_355).",2025-11-06,None,"The trip booking of ZAR 6,468 is fully affordable within the safe amount of ZAR 9,313.13."
request_126,81431.98,affordable,full_payment,"Wait until confirmed payout settlement on 2026-07-15 to make the full payment of INR 159,600.",2026-07-15,None,"Current safe balance is INR 81,431.98, but an approved invoice payout of INR 152,000 arrives on 2026-07-15 before the desired completion date (2026-07-17), enabling safe full payment on 2026-07-15."
request_127,0.0,unaffordable,delay_payment,Delay transfer until projected cash deficit resolves.,N/A,None,"The 90-day minimum projected balance is negative (-ZAR 11,433.77), leaving a safe amount of ZAR 0. The transfer cannot be safely recommended currently."
request_128,25168.0,affordable,full_payment,"Pay ZAR 25,168 in full on 2025-02-07 (payment_option_363).",2025-02-07,None,"The course fee of ZAR 25,168 is safely within the projected safe balance of ZAR 32,151.21."
request_129,101.48,unaffordable,delay_payment,Delay payment until sufficient funds become available.,N/A,None,"The requested amount USD 2,668.80 exceeds the safe limit of USD 101.48. Available installment plans exceed the user's max allowed duration of 10 months."
request_130,603.23,unaffordable,delay_payment,Delay payment until reserves increase.,N/A,None,"The total request of USD 1,978.80 exceeds the safe balance of USD 603.23. The available installment options exceed the user's maximum allowable 2 months."
request_131,1498.29,affordable,installments,Pay 3 installments of USD 643.14 starting 2025-05-06 (payment_option_372).,N/A,None,"The user considers only installments. Option 372 requires 3 installments of USD 643.14 (within the user's 7-month limit) and an initial payment well within the safe amount of USD 1,498.29."
request_132,379.86,affordable,full_payment,Pay USD 379.86 in full on 2026-01-05 (payment_option_375).,2026-01-05,None,The requested amount of USD 379.86 is within the safe limit of USD 506.23.
request_133,285894.35,unaffordable,delay_payment,Delay purchase until cash reserves increase.,N/A,None,"The laptop price IDR 15,770,000 exceeds the base safe amount of IDR 285,894.35, and partial payments are not permitted."
request_134,7343943.67,unaffordable,delay_payment,Delay purchase until additional funds accumulate.,N/A,None,"The laptop cost of IDR 21,831,000 exceeds the safe limit of IDR 7,343,943.67, and partial payments are not allowed."
request_135,304.8,affordable,full_payment,Pay USD 304.80 in full on 2026-07-06 (payment_option_383).,2026-07-06,None,The rental deposit of USD 304.80 is fully covered by the safe available amount of USD 344.52.
request_136,560.4,affordable,full_payment,Pay USD 560.40 in full on 2024-06-03 (payment_option_386).,2024-06-03,None,The course fee of USD 560.40 is below the safe spending threshold of USD 682.79.
request_137,44395.62,unaffordable,delay_payment,Delay purchase until sufficient funds are available.,N/A,None,"The price of INR 80,100 exceeds the safe limit of INR 44,395.62. The installment option available exceeds the user constraint of max 4 months."
request_138,1148.79,affordable,installments,Pay 3 installments of EUR 435.74 starting 2026-04-07 (payment_option_393).,N/A,None,"Full payment exceeds immediate safe balance (EUR 1,148.79), but option 393 offers 3 installments of EUR 435.74 (under max 11 months), which is easily affordable."
request_139,2002.73,affordable,installments,Pay 3 installments of USD 802.88 starting 2024-09-07 (payment_option_395).,N/A,None,"The user considers installments up to 3 months. Option 395 (3 installments of USD 802.88) meets the user constraint and the initial payment is well within the base safe amount of USD 2,002.73."
request_140,0.0,unaffordable,delay_payment,Delay payment until projected cash flow improves.,N/A,None,"The 90-day minimum projected balance is negative (-ZAR 33,201.77), leaving a safe payment amount of ZAR 0. Installment options also exceed the user's 3-month max limit."
request_141,30206.08,partially_affordable,partial_payment,"Make a partial payment of INR 30,206.08 now.",N/A,None,"The total requested amount of INR 171,600 is unaffordable in full, but partial payments are allowed and the user considers partial payments. A safe partial payment of INR 30,206.08 can be made."
request_142,1263.6,affordable,full_payment,"Pay USD 1,263.60 in full on 2024-12-05 (payment_option_403).",2024-12-05,None,"The investment amount of USD 1,263.60 is well within the safe spending limit of USD 2,445.88."
request_143,4944.0,unaffordable,delay_payment,Delay payment until sufficient balance is available.,N/A,None,"The requested repair amount ZAR 12,584 exceeds the safe limit of ZAR 4,944.0. The installment option exceeds the 2-month limit and partial payment is not allowed."
request_144,0.0,unaffordable,delay_payment,Delay investment until account balance turns positive.,N/A,None,"The projected 90-day minimum balance is negative (-USD 544.88), resulting in a safe amount to pay of USD 0."
request_145,49394.18,affordable,installments,"Pay 3 installments of INR 75,365.33 starting 2024-03-20 (payment_option_412).",N/A,None,"The user considers installments up to 3 months. Option 412 fits the 3-month limit, and the first payment on 2024-03-20 occurs after the confirmed salary and arrears payout, making the installment schedule fully safe."
request_146,42297.22,partially_affordable,full_payment,"Pay up to the safe amount of INR 42,297.22 out of the requested INR 449,400.",beyond_90_days,stop_cloud_storage,"The full deposit of INR 449,400 exceeds your safe spending limit of INR 42,297.22. Since partial payment is allowed and you only consider full payments, you can safely pay up to INR 42,297.22 today."
request_147,0.0,unaffordable,none,Do not commit to this travel expense at this time.,beyond_90_days,reduce_dining_and_shopping_stop_streaming_and_cloud_storage,"Your projected 90-day minimum balance is negative (-EUR 329.92), leaving a safe amount of EUR 0.00. Installment options are not affordable without putting your minimum balance at risk."
request_148,10459.85,partially_affordable,partial_payment,"Pay up to ZAR 10,459.85 toward the laptop cost of ZAR 22,242.",beyond_90_days,reduce_dining_and_entertainment_stop_gym_music_and_delivery,"Your 90-day safe buffer above your ZAR 20,000 minimum balance is ZAR 10,459.85. Available installment plans exceed this safe limit, but partial payment is allowed up to ZAR 10,459.85."
request_149,25335.99,unaffordable,none,Delay booking until sufficient funds accumulate.,beyond_90_days,reduce_shopping_stop_cloud_storage,"The requested trip costs ZAR 36,652, but your safe limit is ZAR 25,335.99. Partial payment is not allowed for this request, and available installment options exceed your safe buffer."
request_150,260.77,unaffordable,none,Do not enroll in the course at this time.,beyond_90_days,reduce_shopping_stop_streaming_and_cloud_storage,"The course fee of EUR 496.10 exceeds your safe buffer of EUR 260.77. Since partial payment is not allowed and installment plans exceed your safe threshold, the expense is unaffordable."
request_151,26999000.0,fully_affordable,full_payment,"Pay the full rental deposit of IDR 26,999,000 on 2024-09-03.",2024-09-03,none,"Your safe buffer of IDR 43,064,880.53 easily covers the full rental deposit of IDR 26,999,000 while maintaining your minimum balance requirement."
request_152,13185.27,unaffordable,none,Hold payment or negotiate a lower cost / extended plan.,beyond_90_days,reduce_dining_stop_music_subscription_and_delivery_membership,"The repair cost (ZAR 13,882) and the eligible 3-month installment plan total (ZAR 14,437.29) exceed your base safe amount of ZAR 13,185.27. Partial payment is not permitted."
request_153,326.65,unaffordable,none,Postpone laptop purchase until additional balance is built.,beyond_90_days,reduce_streaming_stop_streaming_and_cloud_storage,"The laptop costs USD 2,830.80, whereas your safe limit is USD 326.65. Installment options exceed your maximum allowed tenure of 3 months, and partial payment is not allowed."
request_154,1625.8,fully_affordable,installments,Pay in 3 monthly installments of EUR 563.61 starting 2024-12-04 (Option 438).,2024-12-04,none,"The 3-installment plan totals EUR 1,690.83 and fits within your EUR 2,883.28 safe buffer and 10-month maximum installment limit, without breaching your minimum balance."
request_155,58684.02,unaffordable,none,Wait until available safe balance increases before purchasing.,beyond_90_days,stop_cloud_storage,"The laptop price of INR 112,500 exceeds your safe buffer of INR 58,684.02. You only consider full payments, and partial payment is not allowed for this request."
request_156,11505.88,unaffordable,none,Do not pay the course fee by the current deadline.,beyond_90_days,reduce_dining_streaming_and_shopping,"The course fee of ZAR 43,076 exceeds your safe amount of ZAR 11,505.88. Available installment options exceed your maximum allowed duration of 8 months, and partial payment is disabled."
request_157,6968905.82,partially_affordable,full_payment,"Pay up to IDR 6,968,905.82 out of the requested IDR 23,503,000.",beyond_90_days,reduce_gym_and_entertainment,"Full payment of IDR 23,503,000 exceeds your safe limit of IDR 6,968,905.82. Since partial payment is allowed, you can safely invest up to IDR 6,968,905.82 today."
request_158,242600.0,fully_affordable,installments,"Pay in 3 monthly installments of INR 84,101.33 starting 2025-08-07 (Option 449).",2025-08-07,none,"The 3-month installment plan (total INR 252,303.99) is fully within your safe buffer of INR 315,693.83 and meets your criteria of max 4 installment months."
request_159,13398.0,fully_affordable,full_payment,"Pay the full investment amount of ZAR 13,398 on 2026-01-04 (Option 452).",2026-01-04,none,"Your safe buffer of ZAR 13,939.63 is sufficient to cover the full investment of ZAR 13,398 on the request date while safeguarding your minimum balance."
request_160,730.61,partially_affordable,partial_payment,"Pay up to EUR 730.61 toward the trip cost of EUR 1,246.30.",beyond_90_days,reduce_dining,"Your 90-day safe buffer is EUR 730.61. The 3-installment plan total (EUR 1,296.15) exceeds this buffer, but partial payment is allowed up to EUR 730.61."
request_161,0.0,unaffordable,none,Do not make an extra loan payment at this time.,beyond_90_days,reduce_dining_stop_music_and_delivery,"Your projected 90-day safe amount is IDR 0.00, meaning any extra loan payment would push your projected balance below your minimum balance requirement."
request_162,5471804.0,unaffordable,none,Do not purchase the annual membership.,beyond_90_days,reduce_dining_and_streaming_stop_streaming,"The annual membership fee of IDR 83,923,000 far exceeds your safe limit of IDR 5,471,804.00. Partial payment is not allowed for this request."
request_163,16496221.61,unaffordable,none,Do not commit to the membership fee.,beyond_90_days,reduce_dining_stop_cloud_storage,"The membership costs IDR 19,304,000, and the valid installment option totals IDR 20,076,159.99. Both exceed your safe buffer of IDR 16,496,221.61, and partial payment is not permitted."
request_164,27018000.0,fully_affordable,installments,"Pay in 3 monthly installments of IDR 9,366,240 starting 2025-02-11 (Option 465).",2025-02-04,none,"The 3-installment plan (total IDR 28,098,720) is well within your safe buffer of IDR 36,917,720.07 and fits your allowed payment methods (installments up to 12 months)."
request_165,80600.0,fully_affordable,full_payment,"Pay the full travel cost of INR 80,600 on 2026-04-06 (Option 468).",2026-04-06,none,"Your safe buffer of INR 265,088.58 comfortably covers the full travel amount of INR 80,600 on the request date while keeping your minimum balance intact."
request_166,2907.6,fully_affordable,installments,"Pay in 3 monthly installments of USD 1,007.97 starting 2024-12-03 (Option 471).",2024-12-03,none,"The 3-month installment plan (total USD 3,023.91) is fully covered by your USD 3,794.02 safe buffer and complies with your 8-month installment limit."
request_167,43802.0,fully_affordable,full_payment,"Pay the full rental deposit of ZAR 43,802 on 2025-05-05 (Option 474).",2025-05-05,none,"Your safe buffer of ZAR 60,406.46 easily covers the ZAR 43,802 rental deposit, satisfying all safety requirements."
request_168,46092.3,partially_affordable,partial_payment,"Pay up to INR 46,092.30 toward the total deposit of INR 49,380.",beyond_90_days,reduce_shopping_and_entertainment_stop_cloud_storage,"You only consider partial payments, and your 90-day safe limit is INR 46,092.30. Since partial payment is allowed, you can safely pay up to INR 46,092.30 today."
request_169,41976.0,fully_affordable,full_payment,"Pay the full course fee of ZAR 41,976 on 2024-03-04 (Option 480).",2024-03-04,none,"Your safe buffer of ZAR 50,263.46 covers the full course fee of ZAR 41,976 without threatening your minimum balance reserve."
request_170,36253398.4,unaffordable,none,Do not pay for the annual membership at this time.,beyond_90_days,reduce_dining_stop_music_and_delivery,"The requested membership (IDR 36,936,000) and the valid installment option (IDR 38,413,440) exceed your base safe amount of IDR 36,253,398.40, and partial payment is not allowed."
request_171,102.34,unaffordable,none,Hold off on making the investment.,beyond_90_days,reduce_dining_stop_streaming,"Your safe buffer is EUR 102.34, while the investment costs EUR 1,878.80. Installment options exceed your maximum limit of 4 months, and partial payment is disabled."
request_172,10200.0,fully_affordable,installments,"Pay in 2 monthly installments of ZAR 5,304 starting 2024-06-05 (Option 489).",2024-06-05,none,"The 2-installment plan (total ZAR 10,608) fits within your safe limit of ZAR 12,066.71 and respects your max 2-month installment preference."
request_173,74485.94,partially_affordable,partial_payment,"Transfer up to INR 74,485.94 out of the requested INR 113,000.",beyond_90_days,reduce_dining_and_shopping,"The 3-installment plan (total INR 117,519.99) exceeds your safe buffer of INR 74,485.94. However, partial payment is allowed up to INR 74,485.94."
request_174,1146.2,fully_affordable,installments,Pay in 3 monthly installments of EUR 397.35 starting 2026-04-04 (Option 494).,2026-04-04,none,"The 3-month installment plan (total EUR 1,192.05) is well within your safe buffer of EUR 2,439.49 and fits your allowed payment methods (installments up to 9 months)."
request_175,2346.3,fully_affordable,full_payment,"Pay the full repair cost of EUR 2,346.30 on 2024-09-06 (Option 497).",2024-09-06,none,"Your safe buffer of EUR 2,908.37 easily covers the full payment of EUR 2,346.30 while protecting your minimum balance."
request_176,461.95,unaffordable,none,none,undetermined,none,"The requested amount of EUR 1,239.70 exceeds your safe limit of EUR 461.95, and the available installment plans exceed your maximum preferred duration of 12 months."
request_177,1017.6,fully_affordable,full_payment,"Pay USD 1,017.60 in full on 2026-01-05.",2026-01-05,none,"You have USD 1,266.49 safely available, which is sufficient to cover the requested repair bill of USD 1,017.60 in full immediately."
request_178,2938.1,fully_affordable,installments,"Pay 3 monthly installments of EUR 1,018.54 starting on 2024-12-07.",2024-12-07,none,"Your safe spending limit of EUR 3,960.04 comfortably covers the 3-month installment plan, aligning with your payment preferences."
request_179,23292660.11,unaffordable,none,none,undetermined,none,"The requested amount of IDR 41,648,000 exceeds your safe limit of IDR 23,292,660.11, and available installment options exceed your preferred maximum of 5 months."
request_180,0.0,unaffordable,none,none,undetermined,none,Your projected minimum balance leaves no safe margin to pay toward this debt repayment at this time.
request_181,647.88,unaffordable,none,none,undetermined,none,"The requested investment of USD 5,059.20 exceeds your safe spending limit of USD 647.88, and partial payment is not allowed."
request_182,65714.0,fully_affordable,full_payment,"Pay ZAR 65,714.00 in full on 2025-08-05.",2025-08-05,none,"Your safe limit of ZAR 81,861.71 easily covers the extra loan payment of ZAR 65,714.00 without impacting essential expenses."
request_183,26403774.09,fully_affordable,installments,"Pay 3 monthly installments of IDR 9,313,546.67 starting on 2026-04-10.",undetermined,none,"The 3-month installment plan fits your preferred payment method and maximum timeline, with payments safely covered by your available funds."
request_184,30291.74,unaffordable,none,none,undetermined,none,"The requested loan repayment exceeds your safe limit of INR 30,291.74, and available installment options exceed your maximum timeline of 2 months."
request_185,524.36,partially_affordable,partial_payment,Pay EUR 524.36 as a partial payment on 2025-11-06.,undetermined,none,"You cannot afford the full travel cost of EUR 1,257.30, but you can safely make a partial payment up to EUR 524.36."
request_186,14905.58,unaffordable,none,none,undetermined,none,"The requested investment of ZAR 26,554.00 exceeds your safe limit of ZAR 14,905.58, and partial payment is not permitted for this request."
request_187,45576.87,unaffordable,none,none,undetermined,none,"Your safe spending limit of INR 45,576.87 is insufficient for full payment, and installment plans exceed your maximum timeline of 2 months."
request_188,215.63,unaffordable,none,none,undetermined,none,"The family transfer of EUR 2,464.00 exceeds your safe limit of EUR 215.63, and available installment options exceed your 7-month limit."
request_189,488.4,fully_affordable,full_payment,Pay EUR 488.40 in full on 2026-07-04.,2026-07-04,none,"You have EUR 607.00 safely available, which fully covers the additional loan repayment of EUR 488.40."
request_190,826.74,unaffordable,none,none,undetermined,none,"The requested purchase of EUR 2,557.50 exceeds your safe spending limit of EUR 826.74, and you only consider full payment."
request_191,664.4,fully_affordable,full_payment,Pay EUR 664.40 in full on 2025-05-03.,2025-05-03,none,Your safe limit of EUR 840.13 is sufficient to cover the EUR 664.40 investment in full.
request_192,297.26,unaffordable,none,none,undetermined,none,"The course fee of USD 2,046.00 exceeds your safe limit of USD 297.26, and installment plans exceed your 7-month limit."
request_193,138.7,unaffordable,none,none,undetermined,none,Your safe limit of EUR 138.70 is less than the required membership fee and installment options exceed your preferred duration.
request_194,42940.07,unaffordable,none,none,undetermined,none,"The deposit of INR 132,800.00 exceeds your safe limit of INR 42,940.07, and you only consider full payment."
request_195,1062.96,fully_affordable,installments,Pay 3 monthly installments of EUR 405.74 starting on 2026-01-09.,undetermined,none,"The 3-month installment plan fits within your maximum 5-month preference, and the first payment of EUR 405.74 is well within your safe limit of EUR 1,062.96."
request_196,762.3,fully_affordable,full_payment,Pay EUR 762.30 in full on 2024-06-03.,2024-06-03,none,Your safe limit of EUR 958.64 is sufficient to cover the laptop purchase of EUR 762.30 in full.
request_197,0.0,unaffordable,none,none,undetermined,none,Your projected minimum balance leaves no safe amount available to commit to this transfer.
request_198,185800.0,fully_affordable,full_payment,"Pay INR 185,800.00 in full on 2026-07-07.",2026-07-07,none,"Your safe limit of INR 250,830.34 comfortably covers the full course fee of INR 185,800.00."
request_199,109118604.53,fully_affordable,installments,"Pay 3 monthly installments of IDR 8,206,986.67 starting on 2024-09-07.",undetermined,none,The 3-month installment plan meets your preference for installments (max 7 months) and is fully supported by your safe limit.
request_200,21717000.0,fully_affordable,full_payment,"Pay IDR 21,717,000.00 in full on 2025-02-06.",2025-02-06,none,"Your safe limit of IDR 30,918,924.62 is enough to cover the laptop purchase in full."
request_201,23997000.0,fully_affordable,full_payment,"Pay IDR 23,997,000.00 in full on 2026-04-03.",2026-04-03,none,"Your safe limit of IDR 58,253,887.89 allows you to clear the extra repayment in full immediately."
request_202,123900.0,fully_affordable,full_payment,"Pay INR 123,900.00 in full on 2024-12-05.",2024-12-05,none,"You have INR 166,797.57 safely available, which fully covers the family transfer of INR 123,900.00."
request_203,2938.54,fully_affordable,installments,Pay 3 monthly installments of EUR 499.93 starting on 2025-05-10.,undetermined,none,"The 3-month installment plan fits your preferred payment method and is well within your safe limit of EUR 2,938.54."
request_204,0.0,unaffordable,none,none,undetermined,none,"Due to projected negative cash flow, your safe spending limit is EUR 0.00."
request_205,10621000.0,fully_affordable,full_payment,"Pay IDR 10,621,000.00 in full on 2024-03-06.",2024-03-06,none,"Your safe limit of IDR 14,138,956.48 allows you to make the full loan repayment without putting upcoming bills at risk."
request_206,0.0,quota_exhausted,none,none,2026-12-31,None,Fallback due to API quota exhaustion.
request_207,0.0,quota_exhausted,none,none,2026-12-31,None,Fallback due to API quota exhaustion.
request_208,0.0,quota_exhausted,none,none,2026-12-31,None,Fallback due to API quota exhaustion.
request_209,0.0,quota_exhausted,none,none,2026-12-31,None,Fallback due to API quota exhaustion.
request_210,0.0,quota_exhausted,none,none,2026-12-31,None,Fallback due to API quota exhaustion.
request_211,0.0,quota_exhausted,none,none,2026-12-31,None,Fallback due to API quota exhaustion.
request_212,0.0,quota_exhausted,none,none,2026-12-31,None,Fallback due to API quota exhaustion.
request_213,0.0,quota_exhausted,none,none,2026-12-31,None,Fallback due to API quota exhaustion.
request_214,0.0,quota_exhausted,none,none,2026-12-31,None,Fallback due to API quota exhaustion.
request_215,0.0,quota_exhausted,none,none,2026-12-31,None,Fallback due to API quota exhaustion.
request_216,0.0,quota_exhausted,none,none,2026-12-31,None,Fallback due to API quota exhaustion.
request_217,0.0,quota_exhausted,none,none,2026-12-31,None,Fallback due to API quota exhaustion.
request_218,0.0,quota_exhausted,none,none,2026-12-31,None,Fallback due to API quota exhaustion.
request_219,0.0,quota_exhausted,none,none,2026-12-31,None,Fallback due to API quota exhaustion.
request_220,0.0,quota_exhausted,none,none,2026-12-31,None,Fallback due to API quota exhaustion.
request_221,0.0,quota_exhausted,none,none,2026-12-31,None,Fallback due to API quota exhaustion.
request_222,0.0,quota_exhausted,none,none,2026-12-31,None,Fallback due to API quota exhaustion.
request_223,0.0,quota_exhausted,none,none,2026-12-31,None,Fallback due to API quota exhaustion.
request_224,0.0,quota_exhausted,none,none,2026-12-31,None,Fallback due to API quota exhaustion.
request_225,0.0,quota_exhausted,none,none,2026-12-31,None,Fallback due to API quota exhaustion.
request_226,0.0,quota_exhausted,none,none,2026-12-31,None,Fallback due to API quota exhaustion.
request_227,0.0,quota_exhausted,none,none,2026-12-31,None,Fallback due to API quota exhaustion.
request_228,0.0,quota_exhausted,none,none,2026-12-31,None,Fallback due to API quota exhaustion.
request_229,0.0,quota_exhausted,none,none,2026-12-31,None,Fallback due to API quota exhaustion.
request_230,0.0,quota_exhausted,none,none,2026-12-31,None,Fallback due to API quota exhaustion.
request_231,0.0,quota_exhausted,none,none,2026-12-31,None,Fallback due to API quota exhaustion.
request_232,0.0,quota_exhausted,none,none,2026-12-31,None,Fallback due to API quota exhaustion.
request_233,0.0,quota_exhausted,none,none,2026-12-31,None,Fallback due to API quota exhaustion.
request_234,0.0,quota_exhausted,none,none,2026-12-31,None,Fallback due to API quota exhaustion.
request_235,0.0,quota_exhausted,none,none,2026-12-31,None,Fallback due to API quota exhaustion.
request_236,0.0,quota_exhausted,none,none,2026-12-31,None,Fallback due to API quota exhaustion.
request_237,0.0,quota_exhausted,none,none,2026-12-31,None,Fallback due to API quota exhaustion.
request_238,0.0,quota_exhausted,none,none,2026-12-31,None,Fallback due to API quota exhaustion.
request_239,0.0,quota_exhausted,none,none,2026-12-31,None,Fallback due to API quota exhaustion.
request_240,0.0,quota_exhausted,none,none,2026-12-31,None,Fallback due to API quota exhaustion.
request_241,0.0,quota_exhausted,none,none,2026-12-31,None,Fallback due to API quota exhaustion.
request_242,0.0,quota_exhausted,none,none,2026-12-31,None,Fallback due to API quota exhaustion.
request_243,0.0,quota_exhausted,none,none,2026-12-31,None,Fallback due to API quota exhaustion.
request_244,0.0,quota_exhausted,none,none,2026-12-31,None,Fallback due to API quota exhaustion.
request_245,0.0,quota_exhausted,none,none,2026-12-31,None,Fallback due to API quota exhaustion.
request_246,0.0,quota_exhausted,none,none,2026-12-31,None,Fallback due to API quota exhaustion.
request_247,0.0,quota_exhausted,none,none,2026-12-31,None,Fallback due to API quota exhaustion.
request_248,0.0,quota_exhausted,none,none,2026-12-31,None,Fallback due to API quota exhaustion.
request_249,0.0,quota_exhausted,none,none,2026-12-31,None,Fallback due to API quota exhaustion.
request_250,0.0,quota_exhausted,none,none,2026-12-31,None,Fallback due to API quota exhaustion.
request_251,0.0,quota_exhausted,none,none,2026-12-31,None,Fallback due to API quota exhaustion.
request_252,0.0,quota_exhausted,none,none,2026-12-31,None,Fallback due to API quota exhaustion.
request_253,0.0,quota_exhausted,none,none,2026-12-31,None,Fallback due to API quota exhaustion.
request_254,0.0,quota_exhausted,none,none,2026-12-31,None,Fallback due to API quota exhaustion.
request_255,0.0,quota_exhausted,none,none,2026-12-31,None,Fallback due to API quota exhaustion.
request_256,0.0,quota_exhausted,none,none,2026-12-31,None,Fallback due to API quota exhaustion.
request_257,0.0,quota_exhausted,none,none,2026-12-31,None,Fallback due to API quota exhaustion.
request_258,0.0,quota_exhausted,none,none,2026-12-31,None,Fallback due to API quota exhaustion.
request_259,0.0,quota_exhausted,none,none,2026-12-31,None,Fallback due to API quota exhaustion.
request_260,0.0,quota_exhausted,none,none,2026-12-31,None,Fallback due to API quota exhaustion.
request_261,0.0,quota_exhausted,none,none,2026-12-31,None,Fallback due to API quota exhaustion.
request_262,0.0,quota_exhausted,none,none,2026-12-31,None,Fallback due to API quota exhaustion.
request_263,0.0,quota_exhausted,none,none,2026-12-31,None,Fallback due to API quota exhaustion.
request_264,0.0,quota_exhausted,none,none,2026-12-31,None,Fallback due to API quota exhaustion.
request_265,0.0,quota_exhausted,none,none,2026-12-31,None,Fallback due to API quota exhaustion.
request_266,0.0,quota_exhausted,none,none,2026-12-31,None,Fallback due to API quota exhaustion.
request_267,0.0,quota_exhausted,none,none,2026-12-31,None,Fallback due to API quota exhaustion.
request_268,0.0,quota_exhausted,none,none,2026-12-31,None,Fallback due to API quota exhaustion.
request_269,0.0,quota_exhausted,none,none,2026-12-31,None,Fallback due to API quota exhaustion.
request_270,0.0,quota_exhausted,none,none,2026-12-31,None,Fallback due to API quota exhaustion.
request_271,0.0,quota_exhausted,none,none,2026-12-31,None,Fallback due to API quota exhaustion.
request_272,0.0,quota_exhausted,none,none,2026-12-31,None,Fallback due to API quota exhaustion.
request_273,0.0,quota_exhausted,none,none,2026-12-31,None,Fallback due to API quota exhaustion.
request_274,0.0,quota_exhausted,none,none,2026-12-31,None,Fallback due to API quota exhaustion.
request_275,0.0,quota_exhausted,none,none,2026-12-31,None,Fallback due to API quota exhaustion.
